{"cameraMode":{"drawMode":0,"name":"Shaded","section":"Shading Mode"},"sceneLighting":true,"audioPlay":false,"sceneViewState":{"showFog":true,"showMaterialUpdate":false,"showSkybox":true,"showFlares":true,"showImageEffects":true,"showParticleSystems":true},"in2DMode":false,"pivot":{"x":-6.5587053298950199,"y":30.24762725830078,"z":-0.5969134569168091},"rotation":{"x":-0.14735287427902223,"y":0.6383970975875855,"z":-0.1262950897216797,"w":-0.7448399662971497},"size":33.15679168701172,"orthographic":false}